cohort_month,cohort_period_status,month_index,cohort_size,observed_return_customers,return_rate,observable,censoring_reason
2016-09-01,PARTIAL_PERIOD,0,2,2,1,True,
2016-09-01,PARTIAL_PERIOD,1,2,,,False,TARGET_PARTIAL_PERIOD
2016-09-01,PARTIAL_PERIOD,2,2,,,False,TARGET_NOT_OBSERVED_OR_NO_ACTIVITY
2016-09-01,PARTIAL_PERIOD,3,2,,,False,TARGET_PARTIAL_PERIOD
2016-09-01,PARTIAL_PERIOD,4,2,,,False,TARGET_PARTIAL_PERIOD
2016-09-01,PARTIAL_PERIOD,5,2,0,0,True,
2016-09-01,PARTIAL_PERIOD,6,2,0,0,True,
2016-09-01,PARTIAL_PERIOD,7,2,0,0,True,
2016-09-01,PARTIAL_PERIOD,8,2,0,0,True,
2016-09-01,PARTIAL_PERIOD,9,2,0,0,True,
2016-09-01,PARTIAL_PERIOD,10,2,0,0,True,
2016-09-01,PARTIAL_PERIOD,11,2,0,0,True,
2016-09-01,PARTIAL_PERIOD,12,2,0,0,True,
2016-09-01,PARTIAL_PERIOD,13,2,0,0,True,
2016-09-01,PARTIAL_PERIOD,14,2,0,0,True,
2016-09-01,PARTIAL_PERIOD,15,2,0,0,True,
2016-09-01,PARTIAL_PERIOD,16,2,0,0,True,
2016-09-01,PARTIAL_PERIOD,17,2,0,0,True,
2016-09-01,PARTIAL_PERIOD,18,2,0,0,True,
2016-09-01,PARTIAL_PERIOD,19,2,0,0,True,
2016-09-01,PARTIAL_PERIOD,20,2,0,0,True,
2016-10-01,PARTIAL_PERIOD,0,290,290,1,True,
2016-10-01,PARTIAL_PERIOD,1,290,,,False,TARGET_NOT_OBSERVED_OR_NO_ACTIVITY
2016-10-01,PARTIAL_PERIOD,2,290,,,False,TARGET_PARTIAL_PERIOD
2016-10-01,PARTIAL_PERIOD,3,290,,,False,TARGET_PARTIAL_PERIOD
2016-10-01,PARTIAL_PERIOD,4,290,0,0,True,
2016-10-01,PARTIAL_PERIOD,5,290,0,0,True,
2016-10-01,PARTIAL_PERIOD,6,290,1,0.00344827586206897,True,
2016-10-01,PARTIAL_PERIOD,7,290,0,0,True,
2016-10-01,PARTIAL_PERIOD,8,290,0,0,True,
2016-10-01,PARTIAL_PERIOD,9,290,1,0.00344827586206897,True,
2016-10-01,PARTIAL_PERIOD,10,290,0,0,True,
2016-10-01,PARTIAL_PERIOD,11,290,1,0.00344827586206897,True,
2016-10-01,PARTIAL_PERIOD,12,290,0,0,True,
2016-10-01,PARTIAL_PERIOD,13,290,1,0.00344827586206897,True,
2016-10-01,PARTIAL_PERIOD,14,290,0,0,True,
2016-10-01,PARTIAL_PERIOD,15,290,1,0.00344827586206897,True,
2016-10-01,PARTIAL_PERIOD,16,290,0,0,True,
2016-10-01,PARTIAL_PERIOD,17,290,1,0.00344827586206897,True,
2016-10-01,PARTIAL_PERIOD,18,290,0,0,True,
2016-10-01,PARTIAL_PERIOD,19,290,2,0.00689655172413793,True,
2016-10-01,PARTIAL_PERIOD,20,290,2,0.00689655172413793,True,
2016-12-01,PARTIAL_PERIOD,0,1,1,1,True,
2016-12-01,PARTIAL_PERIOD,1,1,,,False,TARGET_PARTIAL_PERIOD
2016-12-01,PARTIAL_PERIOD,2,1,0,0,True,
2016-12-01,PARTIAL_PERIOD,3,1,0,0,True,
2016-12-01,PARTIAL_PERIOD,4,1,0,0,True,
2016-12-01,PARTIAL_PERIOD,5,1,0,0,True,
2016-12-01,PARTIAL_PERIOD,6,1,0,0,True,
2016-12-01,PARTIAL_PERIOD,7,1,0,0,True,
2016-12-01,PARTIAL_PERIOD,8,1,0,0,True,
2016-12-01,PARTIAL_PERIOD,9,1,0,0,True,
2016-12-01,PARTIAL_PERIOD,10,1,0,0,True,
2016-12-01,PARTIAL_PERIOD,11,1,0,0,True,
2016-12-01,PARTIAL_PERIOD,12,1,0,0,True,
2016-12-01,PARTIAL_PERIOD,13,1,0,0,True,
2016-12-01,PARTIAL_PERIOD,14,1,0,0,True,
2016-12-01,PARTIAL_PERIOD,15,1,0,0,True,
2016-12-01,PARTIAL_PERIOD,16,1,0,0,True,
2016-12-01,PARTIAL_PERIOD,17,1,0,0,True,
2016-12-01,PARTIAL_PERIOD,18,1,0,0,True,
2016-12-01,PARTIAL_PERIOD,19,1,0,0,True,
2016-12-01,PARTIAL_PERIOD,20,1,0,0,True,
2017-01-01,PARTIAL_PERIOD,0,752,752,1,True,
2017-01-01,PARTIAL_PERIOD,1,752,3,0.00398936170212766,True,
2017-01-01,PARTIAL_PERIOD,2,752,2,0.00265957446808511,True,
2017-01-01,PARTIAL_PERIOD,3,752,1,0.00132978723404255,True,
2017-01-01,PARTIAL_PERIOD,4,752,3,0.00398936170212766,True,
2017-01-01,PARTIAL_PERIOD,5,752,1,0.00132978723404255,True,
2017-01-01,PARTIAL_PERIOD,6,752,3,0.00398936170212766,True,
2017-01-01,PARTIAL_PERIOD,7,752,1,0.00132978723404255,True,
2017-01-01,PARTIAL_PERIOD,8,752,1,0.00132978723404255,True,
2017-01-01,PARTIAL_PERIOD,9,752,0,0,True,
2017-01-01,PARTIAL_PERIOD,10,752,3,0.00398936170212766,True,
2017-01-01,PARTIAL_PERIOD,11,752,1,0.00132978723404255,True,
2017-01-01,PARTIAL_PERIOD,12,752,5,0.00664893617021277,True,
2017-01-01,PARTIAL_PERIOD,13,752,3,0.00398936170212766,True,
2017-01-01,PARTIAL_PERIOD,14,752,1,0.00132978723404255,True,
2017-01-01,PARTIAL_PERIOD,15,752,1,0.00132978723404255,True,
2017-01-01,PARTIAL_PERIOD,16,752,2,0.00265957446808511,True,
2017-01-01,PARTIAL_PERIOD,17,752,3,0.00398936170212766,True,
2017-01-01,PARTIAL_PERIOD,18,752,0,0,True,
2017-01-01,PARTIAL_PERIOD,19,752,1,0.00132978723404255,True,
2017-01-01,PARTIAL_PERIOD,20,752,,,False,TARGET_PARTIAL_PERIOD
2017-02-01,COMPLETE_PERIOD,0,1690,1690,1,True,
2017-02-01,COMPLETE_PERIOD,1,1690,4,0.00236686390532544,True,
2017-02-01,COMPLETE_PERIOD,2,1690,5,0.0029585798816568,True,
2017-02-01,COMPLETE_PERIOD,3,1690,2,0.00118343195266272,True,
2017-02-01,COMPLETE_PERIOD,4,1690,7,0.00414201183431953,True,
2017-02-01,COMPLETE_PERIOD,5,1690,2,0.00118343195266272,True,
2017-02-01,COMPLETE_PERIOD,6,1690,4,0.00236686390532544,True,
2017-02-01,COMPLETE_PERIOD,7,1690,3,0.00177514792899408,True,
2017-02-01,COMPLETE_PERIOD,8,1690,2,0.00118343195266272,True,
2017-02-01,COMPLETE_PERIOD,9,1690,3,0.00177514792899408,True,
2017-02-01,COMPLETE_PERIOD,10,1690,2,0.00118343195266272,True,
2017-02-01,COMPLETE_PERIOD,11,1690,5,0.0029585798816568,True,
2017-02-01,COMPLETE_PERIOD,12,1690,2,0.00118343195266272,True,
2017-02-01,COMPLETE_PERIOD,13,1690,3,0.00177514792899408,True,
2017-02-01,COMPLETE_PERIOD,14,1690,2,0.00118343195266272,True,
2017-02-01,COMPLETE_PERIOD,15,1690,1,0.000591715976331361,True,
2017-02-01,COMPLETE_PERIOD,16,1690,1,0.000591715976331361,True,
2017-02-01,COMPLETE_PERIOD,17,1690,4,0.00236686390532544,True,
2017-02-01,COMPLETE_PERIOD,18,1690,0,0,True,
2017-02-01,COMPLETE_PERIOD,19,1690,,,False,TARGET_PARTIAL_PERIOD
2017-02-01,COMPLETE_PERIOD,20,1690,,,False,TARGET_PARTIAL_PERIOD
2017-03-01,COMPLETE_PERIOD,0,2571,2571,1,True,
2017-03-01,COMPLETE_PERIOD,1,2571,13,0.00505639828860366,True,
2017-03-01,COMPLETE_PERIOD,2,2571,9,0.00350058343057176,True,
2017-03-01,COMPLETE_PERIOD,3,2571,10,0.00388953714507974,True,
2017-03-01,COMPLETE_PERIOD,4,2571,9,0.00350058343057176,True,
2017-03-01,COMPLETE_PERIOD,5,2571,4,0.00155581485803189,True,
2017-03-01,COMPLETE_PERIOD,6,2571,4,0.00155581485803189,True,
2017-03-01,COMPLETE_PERIOD,7,2571,8,0.00311162971606379,True,
2017-03-01,COMPLETE_PERIOD,8,2571,9,0.00350058343057176,True,
2017-03-01,COMPLETE_PERIOD,9,2571,2,0.000777907429015947,True,
2017-03-01,COMPLETE_PERIOD,10,2571,10,0.00388953714507974,True,
2017-03-01,COMPLETE_PERIOD,11,2571,3,0.00116686114352392,True,
2017-03-01,COMPLETE_PERIOD,12,2571,6,0.00233372228704784,True,
2017-03-01,COMPLETE_PERIOD,13,2571,3,0.00116686114352392,True,
2017-03-01,COMPLETE_PERIOD,14,2571,4,0.00155581485803189,True,
2017-03-01,COMPLETE_PERIOD,15,2571,6,0.00233372228704784,True,
2017-03-01,COMPLETE_PERIOD,16,2571,2,0.000777907429015947,True,
2017-03-01,COMPLETE_PERIOD,17,2571,4,0.00155581485803189,True,
2017-03-01,COMPLETE_PERIOD,18,2571,,,False,TARGET_PARTIAL_PERIOD
2017-03-01,COMPLETE_PERIOD,19,2571,,,False,TARGET_PARTIAL_PERIOD
2017-03-01,COMPLETE_PERIOD,20,2571,,,False,TARGET_NOT_OBSERVED_OR_NO_ACTIVITY
2017-04-01,COMPLETE_PERIOD,0,2325,2325,1,True,
2017-04-01,COMPLETE_PERIOD,1,2325,14,0.00602150537634409,True,
2017-04-01,COMPLETE_PERIOD,2,2325,5,0.0021505376344086,True,
2017-04-01,COMPLETE_PERIOD,3,2325,4,0.00172043010752688,True,
2017-04-01,COMPLETE_PERIOD,4,2325,7,0.00301075268817204,True,
2017-04-01,COMPLETE_PERIOD,5,2325,6,0.00258064516129032,True,
2017-04-01,COMPLETE_PERIOD,6,2325,8,0.00344086021505376,True,
2017-04-01,COMPLETE_PERIOD,7,2325,7,0.00301075268817204,True,
2017-04-01,COMPLETE_PERIOD,8,2325,7,0.00301075268817204,True,
2017-04-01,COMPLETE_PERIOD,9,2325,4,0.00172043010752688,True,
2017-04-01,COMPLETE_PERIOD,10,2325,6,0.00258064516129032,True,
2017-04-01,COMPLETE_PERIOD,11,2325,2,0.000860215053763441,True,
2017-04-01,COMPLETE_PERIOD,12,2325,2,0.000860215053763441,True,
2017-04-01,COMPLETE_PERIOD,13,2325,1,0.00043010752688172,True,
2017-04-01,COMPLETE_PERIOD,14,2325,2,0.000860215053763441,True,
2017-04-01,COMPLETE_PERIOD,15,2325,2,0.000860215053763441,True,
2017-04-01,COMPLETE_PERIOD,16,2325,3,0.00129032258064516,True,
2017-04-01,COMPLETE_PERIOD,17,2325,,,False,TARGET_PARTIAL_PERIOD
2017-04-01,COMPLETE_PERIOD,18,2325,,,False,TARGET_PARTIAL_PERIOD
2017-04-01,COMPLETE_PERIOD,19,2325,,,False,TARGET_NOT_OBSERVED_OR_NO_ACTIVITY
2017-04-01,COMPLETE_PERIOD,20,2325,,,False,TARGET_NOT_OBSERVED_OR_NO_ACTIVITY
2017-05-01,COMPLETE_PERIOD,0,3541,3541,1,True,
2017-05-01,COMPLETE_PERIOD,1,3541,17,0.00480090369951991,True,
2017-05-01,COMPLETE_PERIOD,2,3541,17,0.00480090369951991,True,
2017-05-01,COMPLETE_PERIOD,3,3541,14,0.00395368539960463,True,
2017-05-01,COMPLETE_PERIOD,4,3541,11,0.00310646709968935,True,
2017-05-01,COMPLETE_PERIOD,5,3541,12,0.00338887319966111,True,
2017-05-01,COMPLETE_PERIOD,6,3541,15,0.00423609149957639,True,
2017-05-01,COMPLETE_PERIOD,7,3541,5,0.0014120304998588,True,
2017-05-01,COMPLETE_PERIOD,8,3541,9,0.00254165489974583,True,
2017-05-01,COMPLETE_PERIOD,9,3541,9,0.00254165489974583,True,
2017-05-01,COMPLETE_PERIOD,10,3541,9,0.00254165489974583,True,
2017-05-01,COMPLETE_PERIOD,11,3541,12,0.00338887319966111,True,
2017-05-01,COMPLETE_PERIOD,12,3541,9,0.00254165489974583,True,
2017-05-01,COMPLETE_PERIOD,13,3541,1,0.000282406099971759,True,
2017-05-01,COMPLETE_PERIOD,14,3541,7,0.00197684269980232,True,
2017-05-01,COMPLETE_PERIOD,15,3541,8,0.00225924879977408,True,
2017-05-01,COMPLETE_PERIOD,16,3541,,,False,TARGET_PARTIAL_PERIOD
2017-05-01,COMPLETE_PERIOD,17,3541,,,False,TARGET_PARTIAL_PERIOD
2017-05-01,COMPLETE_PERIOD,18,3541,,,False,TARGET_NOT_OBSERVED_OR_NO_ACTIVITY
2017-05-01,COMPLETE_PERIOD,19,3541,,,False,TARGET_NOT_OBSERVED_OR_NO_ACTIVITY
2017-05-01,COMPLETE_PERIOD,20,3541,,,False,TARGET_NOT_OBSERVED_OR_NO_ACTIVITY
2017-06-01,COMPLETE_PERIOD,0,3102,3102,1,True,
2017-06-01,COMPLETE_PERIOD,1,3102,14,0.00451321727917473,True,
2017-06-01,COMPLETE_PERIOD,2,3102,11,0.00354609929078014,True,
2017-06-01,COMPLETE_PERIOD,3,3102,12,0.00386847195357834,True,
2017-06-01,COMPLETE_PERIOD,4,3102,8,0.00257898130238556,True,
2017-06-01,COMPLETE_PERIOD,5,3102,12,0.00386847195357834,True,
2017-06-01,COMPLETE_PERIOD,6,3102,11,0.00354609929078014,True,
2017-06-01,COMPLETE_PERIOD,7,3102,7,0.00225660863958736,True,
2017-06-01,COMPLETE_PERIOD,8,3102,4,0.00128949065119278,True,
2017-06-01,COMPLETE_PERIOD,9,3102,7,0.00225660863958736,True,
2017-06-01,COMPLETE_PERIOD,10,3102,10,0.00322372662798195,True,
2017-06-01,COMPLETE_PERIOD,11,3102,10,0.00322372662798195,True,
2017-06-01,COMPLETE_PERIOD,12,3102,5,0.00161186331399097,True,
2017-06-01,COMPLETE_PERIOD,13,3102,4,0.00128949065119278,True,
2017-06-01,COMPLETE_PERIOD,14,3102,6,0.00193423597678917,True,
2017-06-01,COMPLETE_PERIOD,15,3102,,,False,TARGET_PARTIAL_PERIOD
2017-06-01,COMPLETE_PERIOD,16,3102,,,False,TARGET_PARTIAL_PERIOD
2017-06-01,COMPLETE_PERIOD,17,3102,,,False,TARGET_NOT_OBSERVED_OR_NO_ACTIVITY
2017-06-01,COMPLETE_PERIOD,18,3102,,,False,TARGET_NOT_OBSERVED_OR_NO_ACTIVITY
2017-06-01,COMPLETE_PERIOD,19,3102,,,False,TARGET_NOT_OBSERVED_OR_NO_ACTIVITY
2017-06-01,COMPLETE_PERIOD,20,3102,,,False,TARGET_NOT_OBSERVED_OR_NO_ACTIVITY
2017-07-01,COMPLETE_PERIOD,0,3822,3822,1,True,
2017-07-01,COMPLETE_PERIOD,1,3822,20,0.00523286237571952,True,
2017-07-01,COMPLETE_PERIOD,2,3822,13,0.00340136054421769,True,
2017-07-01,COMPLETE_PERIOD,3,3822,9,0.00235478806907378,True,
2017-07-01,COMPLETE_PERIOD,4,3822,11,0.00287807430664574,True,
2017-07-01,COMPLETE_PERIOD,5,3822,8,0.00209314495028781,True,
2017-07-01,COMPLETE_PERIOD,6,3822,12,0.00313971742543171,True,
2017-07-01,COMPLETE_PERIOD,7,3822,4,0.0010465724751439,True,
2017-07-01,COMPLETE_PERIOD,8,3822,7,0.00183150183150183,True,
2017-07-01,COMPLETE_PERIOD,9,3822,10,0.00261643118785976,True,
2017-07-01,COMPLETE_PERIOD,10,3822,8,0.00209314495028781,True,
2017-07-01,COMPLETE_PERIOD,11,3822,11,0.00287807430664574,True,
2017-07-01,COMPLETE_PERIOD,12,3822,5,0.00130821559392988,True,
2017-07-01,COMPLETE_PERIOD,13,3822,10,0.00261643118785976,True,
2017-07-01,COMPLETE_PERIOD,14,3822,,,False,TARGET_PARTIAL_PERIOD
2017-07-01,COMPLETE_PERIOD,15,3822,,,False,TARGET_PARTIAL_PERIOD
2017-07-01,COMPLETE_PERIOD,16,3822,,,False,TARGET_NOT_OBSERVED_OR_NO_ACTIVITY
2017-07-01,COMPLETE_PERIOD,17,3822,,,False,TARGET_NOT_OBSERVED_OR_NO_ACTIVITY
2017-07-01,COMPLETE_PERIOD,18,3822,,,False,TARGET_NOT_OBSERVED_OR_NO_ACTIVITY
2017-07-01,COMPLETE_PERIOD,19,3822,,,False,TARGET_NOT_OBSERVED_OR_NO_ACTIVITY
2017-07-01,COMPLETE_PERIOD,20,3822,,,False,TARGET_NOT_OBSERVED_OR_NO_ACTIVITY
2017-08-01,COMPLETE_PERIOD,0,4130,4130,1,True,
2017-08-01,COMPLETE_PERIOD,1,4130,28,0.00677966101694915,True,
2017-08-01,COMPLETE_PERIOD,2,4130,14,0.00338983050847458,True,
2017-08-01,COMPLETE_PERIOD,3,4130,11,0.0026634382566586,True,
2017-08-01,COMPLETE_PERIOD,4,4130,15,0.0036319612590799,True,
2017-08-01,COMPLETE_PERIOD,5,4130,22,0.00532687651331719,True,
2017-08-01,COMPLETE_PERIOD,6,4130,12,0.00290556900726392,True,
2017-08-01,COMPLETE_PERIOD,7,4130,11,0.0026634382566586,True,
2017-08-01,COMPLETE_PERIOD,8,4130,6,0.00145278450363196,True,
2017-08-01,COMPLETE_PERIOD,9,4130,6,0.00145278450363196,True,
2017-08-01,COMPLETE_PERIOD,10,4130,10,0.00242130750605327,True,
2017-08-01,COMPLETE_PERIOD,11,4130,8,0.00193704600484262,True,
2017-08-01,COMPLETE_PERIOD,12,4130,5,0.00121065375302663,True,
2017-08-01,COMPLETE_PERIOD,13,4130,,,False,TARGET_PARTIAL_PERIOD
2017-08-01,COMPLETE_PERIOD,14,4130,,,False,TARGET_PARTIAL_PERIOD
2017-08-01,COMPLETE_PERIOD,15,4130,,,False,TARGET_NOT_OBSERVED_OR_NO_ACTIVITY
2017-08-01,COMPLETE_PERIOD,16,4130,,,False,TARGET_NOT_OBSERVED_OR_NO_ACTIVITY
2017-08-01,COMPLETE_PERIOD,17,4130,,,False,TARGET_NOT_OBSERVED_OR_NO_ACTIVITY
2017-08-01,COMPLETE_PERIOD,18,4130,,,False,TARGET_NOT_OBSERVED_OR_NO_ACTIVITY
2017-08-01,COMPLETE_PERIOD,19,4130,,,False,TARGET_NOT_OBSERVED_OR_NO_ACTIVITY
2017-08-01,COMPLETE_PERIOD,20,4130,,,False,TARGET_NOT_OBSERVED_OR_NO_ACTIVITY
2017-09-01,COMPLETE_PERIOD,0,4075,4075,1,True,
2017-09-01,COMPLETE_PERIOD,1,4075,28,0.00687116564417178,True,
2017-09-01,COMPLETE_PERIOD,2,4075,22,0.00539877300613497,True,
2017-09-01,COMPLETE_PERIOD,3,4075,12,0.00294478527607362,True,
2017-09-01,COMPLETE_PERIOD,4,4075,18,0.00441717791411043,True,
2017-09-01,COMPLETE_PERIOD,5,4075,9,0.00220858895705521,True,
2017-09-01,COMPLETE_PERIOD,6,4075,9,0.00220858895705521,True,
2017-09-01,COMPLETE_PERIOD,7,4075,10,0.00245398773006135,True,
2017-09-01,COMPLETE_PERIOD,8,4075,12,0.00294478527607362,True,
2017-09-01,COMPLETE_PERIOD,9,4075,7,0.00171779141104294,True,
2017-09-01,COMPLETE_PERIOD,10,4075,11,0.00269938650306748,True,
2017-09-01,COMPLETE_PERIOD,11,4075,3,0.000736196319018405,True,
2017-09-01,COMPLETE_PERIOD,12,4075,,,False,TARGET_PARTIAL_PERIOD
2017-09-01,COMPLETE_PERIOD,13,4075,,,False,TARGET_PARTIAL_PERIOD
2017-09-01,COMPLETE_PERIOD,14,4075,,,False,TARGET_NOT_OBSERVED_OR_NO_ACTIVITY
2017-09-01,COMPLETE_PERIOD,15,4075,,,False,TARGET_NOT_OBSERVED_OR_NO_ACTIVITY
2017-09-01,COMPLETE_PERIOD,16,4075,,,False,TARGET_NOT_OBSERVED_OR_NO_ACTIVITY
2017-09-01,COMPLETE_PERIOD,17,4075,,,False,TARGET_NOT_OBSERVED_OR_NO_ACTIVITY
2017-09-01,COMPLETE_PERIOD,18,4075,,,False,TARGET_NOT_OBSERVED_OR_NO_ACTIVITY
2017-09-01,COMPLETE_PERIOD,19,4075,,,False,TARGET_NOT_OBSERVED_OR_NO_ACTIVITY
2017-09-01,COMPLETE_PERIOD,20,4075,,,False,TARGET_NOT_OBSERVED_OR_NO_ACTIVITY
2017-10-01,COMPLETE_PERIOD,0,4392,4392,1,True,
2017-10-01,COMPLETE_PERIOD,1,4392,31,0.00705828779599271,True,
2017-10-01,COMPLETE_PERIOD,2,4392,11,0.00250455373406193,True,
2017-10-01,COMPLETE_PERIOD,3,4392,4,0.000910746812386157,True,
2017-10-01,COMPLETE_PERIOD,4,4392,10,0.00227686703096539,True,
2017-10-01,COMPLETE_PERIOD,5,4392,9,0.00204918032786885,True,
2017-10-01,COMPLETE_PERIOD,6,4392,9,0.00204918032786885,True,
2017-10-01,COMPLETE_PERIOD,7,4392,16,0.00364298724954463,True,
2017-10-01,COMPLETE_PERIOD,8,4392,12,0.00273224043715847,True,
2017-10-01,COMPLETE_PERIOD,9,4392,9,0.00204918032786885,True,
2017-10-01,COMPLETE_PERIOD,10,4392,9,0.00204918032786885,True,
2017-10-01,COMPLETE_PERIOD,11,4392,,,False,TARGET_PARTIAL_PERIOD
2017-10-01,COMPLETE_PERIOD,12,4392,,,False,TARGET_PARTIAL_PERIOD
2017-10-01,COMPLETE_PERIOD,13,4392,,,False,TARGET_NOT_OBSERVED_OR_NO_ACTIVITY
2017-10-01,COMPLETE_PERIOD,14,4392,,,False,TARGET_NOT_OBSERVED_OR_NO_ACTIVITY
2017-10-01,COMPLETE_PERIOD,15,4392,,,False,TARGET_NOT_OBSERVED_OR_NO_ACTIVITY
2017-10-01,COMPLETE_PERIOD,16,4392,,,False,TARGET_NOT_OBSERVED_OR_NO_ACTIVITY
2017-10-01,COMPLETE_PERIOD,17,4392,,,False,TARGET_NOT_OBSERVED_OR_NO_ACTIVITY
2017-10-01,COMPLETE_PERIOD,18,4392,,,False,TARGET_NOT_OBSERVED_OR_NO_ACTIVITY
2017-10-01,COMPLETE_PERIOD,19,4392,,,False,TARGET_NOT_OBSERVED_OR_NO_ACTIVITY
2017-10-01,COMPLETE_PERIOD,20,4392,,,False,TARGET_NOT_OBSERVED_OR_NO_ACTIVITY
2017-11-01,COMPLETE_PERIOD,0,7188,7188,1,True,
2017-11-01,COMPLETE_PERIOD,1,7188,40,0.00556483027267668,True,
2017-11-01,COMPLETE_PERIOD,2,7188,28,0.00389538119087368,True,
2017-11-01,COMPLETE_PERIOD,3,7188,12,0.00166944908180301,True,
2017-11-01,COMPLETE_PERIOD,4,7188,14,0.00194769059543684,True,
2017-11-01,COMPLETE_PERIOD,5,7188,13,0.00180856983861992,True,
2017-11-01,COMPLETE_PERIOD,6,7188,8,0.00111296605453534,True,
2017-11-01,COMPLETE_PERIOD,7,7188,14,0.00194769059543684,True,
2017-11-01,COMPLETE_PERIOD,8,7188,9,0.00125208681135225,True,
2017-11-01,COMPLETE_PERIOD,9,7188,4,0.000556483027267668,True,
2017-11-01,COMPLETE_PERIOD,10,7188,,,False,TARGET_PARTIAL_PERIOD
2017-11-01,COMPLETE_PERIOD,11,7188,,,False,TARGET_PARTIAL_PERIOD
2017-11-01,COMPLETE_PERIOD,12,7188,,,False,TARGET_NOT_OBSERVED_OR_NO_ACTIVITY
2017-11-01,COMPLETE_PERIOD,13,7188,,,False,TARGET_NOT_OBSERVED_OR_NO_ACTIVITY
2017-11-01,COMPLETE_PERIOD,14,7188,,,False,TARGET_NOT_OBSERVED_OR_NO_ACTIVITY
2017-11-01,COMPLETE_PERIOD,15,7188,,,False,TARGET_NOT_OBSERVED_OR_NO_ACTIVITY
2017-11-01,COMPLETE_PERIOD,16,7188,,,False,TARGET_NOT_OBSERVED_OR_NO_ACTIVITY
2017-11-01,COMPLETE_PERIOD,17,7188,,,False,TARGET_NOT_OBSERVED_OR_NO_ACTIVITY
2017-11-01,COMPLETE_PERIOD,18,7188,,,False,TARGET_NOT_OBSERVED_OR_NO_ACTIVITY
2017-11-01,COMPLETE_PERIOD,19,7188,,,False,TARGET_NOT_OBSERVED_OR_NO_ACTIVITY
2017-11-01,COMPLETE_PERIOD,20,7188,,,False,TARGET_NOT_OBSERVED_OR_NO_ACTIVITY
2017-12-01,COMPLETE_PERIOD,0,5437,5437,1,True,
2017-12-01,COMPLETE_PERIOD,1,5437,12,0.00220709950340261,True,
2017-12-01,COMPLETE_PERIOD,2,5437,15,0.00275887437925326,True,
2017-12-01,COMPLETE_PERIOD,3,5437,19,0.0034945742137208,True,
2017-12-01,COMPLETE_PERIOD,4,5437,14,0.00257494942063638,True,
2017-12-01,COMPLETE_PERIOD,5,5437,11,0.00202317454478573,True,
2017-12-01,COMPLETE_PERIOD,6,5437,9,0.00165532462755196,True,
2017-12-01,COMPLETE_PERIOD,7,5437,1,0.000183924958616884,True,
2017-12-01,COMPLETE_PERIOD,8,5437,12,0.00220709950340261,True,
2017-12-01,COMPLETE_PERIOD,9,5437,,,False,TARGET_PARTIAL_PERIOD
2017-12-01,COMPLETE_PERIOD,10,5437,,,False,TARGET_PARTIAL_PERIOD
2017-12-01,COMPLETE_PERIOD,11,5437,,,False,TARGET_NOT_OBSERVED_OR_NO_ACTIVITY
2017-12-01,COMPLETE_PERIOD,12,5437,,,False,TARGET_NOT_OBSERVED_OR_NO_ACTIVITY
2017-12-01,COMPLETE_PERIOD,13,5437,,,False,TARGET_NOT_OBSERVED_OR_NO_ACTIVITY
2017-12-01,COMPLETE_PERIOD,14,5437,,,False,TARGET_NOT_OBSERVED_OR_NO_ACTIVITY
2017-12-01,COMPLETE_PERIOD,15,5437,,,False,TARGET_NOT_OBSERVED_OR_NO_ACTIVITY
2017-12-01,COMPLETE_PERIOD,16,5437,,,False,TARGET_NOT_OBSERVED_OR_NO_ACTIVITY
2017-12-01,COMPLETE_PERIOD,17,5437,,,False,TARGET_NOT_OBSERVED_OR_NO_ACTIVITY
2017-12-01,COMPLETE_PERIOD,18,5437,,,False,TARGET_NOT_OBSERVED_OR_NO_ACTIVITY
2017-12-01,COMPLETE_PERIOD,19,5437,,,False,TARGET_NOT_OBSERVED_OR_NO_ACTIVITY
2017-12-01,COMPLETE_PERIOD,20,5437,,,False,TARGET_NOT_OBSERVED_OR_NO_ACTIVITY
2018-01-01,COMPLETE_PERIOD,0,6951,6951,1,True,
2018-01-01,COMPLETE_PERIOD,1,6951,23,0.0033088764206589,True,
2018-01-01,COMPLETE_PERIOD,2,6951,25,0.00359660480506402,True,
2018-01-01,COMPLETE_PERIOD,3,6951,20,0.00287728384405122,True,
2018-01-01,COMPLETE_PERIOD,4,6951,20,0.00287728384405122,True,
2018-01-01,COMPLETE_PERIOD,5,6951,11,0.00158250611422817,True,
2018-01-01,COMPLETE_PERIOD,6,6951,12,0.00172637030643073,True,
2018-01-01,COMPLETE_PERIOD,7,6951,16,0.00230182707524097,True,
2018-01-01,COMPLETE_PERIOD,8,6951,,,False,TARGET_PARTIAL_PERIOD
2018-01-01,COMPLETE_PERIOD,9,6951,,,False,TARGET_PARTIAL_PERIOD
2018-01-01,COMPLETE_PERIOD,10,6951,,,False,TARGET_NOT_OBSERVED_OR_NO_ACTIVITY
2018-01-01,COMPLETE_PERIOD,11,6951,,,False,TARGET_NOT_OBSERVED_OR_NO_ACTIVITY
2018-01-01,COMPLETE_PERIOD,12,6951,,,False,TARGET_NOT_OBSERVED_OR_NO_ACTIVITY
2018-01-01,COMPLETE_PERIOD,13,6951,,,False,TARGET_NOT_OBSERVED_OR_NO_ACTIVITY
2018-01-01,COMPLETE_PERIOD,14,6951,,,False,TARGET_NOT_OBSERVED_OR_NO_ACTIVITY
2018-01-01,COMPLETE_PERIOD,15,6951,,,False,TARGET_NOT_OBSERVED_OR_NO_ACTIVITY
2018-01-01,COMPLETE_PERIOD,16,6951,,,False,TARGET_NOT_OBSERVED_OR_NO_ACTIVITY
2018-01-01,COMPLETE_PERIOD,17,6951,,,False,TARGET_NOT_OBSERVED_OR_NO_ACTIVITY
2018-01-01,COMPLETE_PERIOD,18,6951,,,False,TARGET_NOT_OBSERVED_OR_NO_ACTIVITY
2018-01-01,COMPLETE_PERIOD,19,6951,,,False,TARGET_NOT_OBSERVED_OR_NO_ACTIVITY
2018-01-01,COMPLETE_PERIOD,20,6951,,,False,TARGET_NOT_OBSERVED_OR_NO_ACTIVITY
2018-02-01,COMPLETE_PERIOD,0,6356,6356,1,True,
2018-02-01,COMPLETE_PERIOD,1,6356,23,0.00361862806796728,True,
2018-02-01,COMPLETE_PERIOD,2,6356,25,0.0039332913782253,True,
2018-02-01,COMPLETE_PERIOD,3,6356,19,0.00298930144745123,True,
2018-02-01,COMPLETE_PERIOD,4,6356,17,0.0026746381371932,True,
2018-02-01,COMPLETE_PERIOD,5,6356,14,0.00220264317180617,True,
2018-02-01,COMPLETE_PERIOD,6,6356,13,0.00204531151667716,True,
2018-02-01,COMPLETE_PERIOD,7,6356,,,False,TARGET_PARTIAL_PERIOD
2018-02-01,COMPLETE_PERIOD,8,6356,,,False,TARGET_PARTIAL_PERIOD
2018-02-01,COMPLETE_PERIOD,9,6356,,,False,TARGET_NOT_OBSERVED_OR_NO_ACTIVITY
2018-02-01,COMPLETE_PERIOD,10,6356,,,False,TARGET_NOT_OBSERVED_OR_NO_ACTIVITY
2018-02-01,COMPLETE_PERIOD,11,6356,,,False,TARGET_NOT_OBSERVED_OR_NO_ACTIVITY
2018-02-01,COMPLETE_PERIOD,12,6356,,,False,TARGET_NOT_OBSERVED_OR_NO_ACTIVITY
2018-02-01,COMPLETE_PERIOD,13,6356,,,False,TARGET_NOT_OBSERVED_OR_NO_ACTIVITY
2018-02-01,COMPLETE_PERIOD,14,6356,,,False,TARGET_NOT_OBSERVED_OR_NO_ACTIVITY
2018-02-01,COMPLETE_PERIOD,15,6356,,,False,TARGET_NOT_OBSERVED_OR_NO_ACTIVITY
2018-02-01,COMPLETE_PERIOD,16,6356,,,False,TARGET_NOT_OBSERVED_OR_NO_ACTIVITY
2018-02-01,COMPLETE_PERIOD,17,6356,,,False,TARGET_NOT_OBSERVED_OR_NO_ACTIVITY
2018-02-01,COMPLETE_PERIOD,18,6356,,,False,TARGET_NOT_OBSERVED_OR_NO_ACTIVITY
2018-02-01,COMPLETE_PERIOD,19,6356,,,False,TARGET_NOT_OBSERVED_OR_NO_ACTIVITY
2018-02-01,COMPLETE_PERIOD,20,6356,,,False,TARGET_NOT_OBSERVED_OR_NO_ACTIVITY
2018-03-01,COMPLETE_PERIOD,0,6931,6931,1,True,
2018-03-01,COMPLETE_PERIOD,1,6931,28,0.00403982109363728,True,
2018-03-01,COMPLETE_PERIOD,2,6931,21,0.00302986582022796,True,
2018-03-01,COMPLETE_PERIOD,3,6931,20,0.0028855864954552,True,
2018-03-01,COMPLETE_PERIOD,4,6931,9,0.00129851392295484,True,
2018-03-01,COMPLETE_PERIOD,5,6931,8,0.00115423459818208,True,
2018-03-01,COMPLETE_PERIOD,6,6931,,,False,TARGET_PARTIAL_PERIOD
2018-03-01,COMPLETE_PERIOD,7,6931,,,False,TARGET_PARTIAL_PERIOD
2018-03-01,COMPLETE_PERIOD,8,6931,,,False,TARGET_NOT_OBSERVED_OR_NO_ACTIVITY
2018-03-01,COMPLETE_PERIOD,9,6931,,,False,TARGET_NOT_OBSERVED_OR_NO_ACTIVITY
2018-03-01,COMPLETE_PERIOD,10,6931,,,False,TARGET_NOT_OBSERVED_OR_NO_ACTIVITY
2018-03-01,COMPLETE_PERIOD,11,6931,,,False,TARGET_NOT_OBSERVED_OR_NO_ACTIVITY
2018-03-01,COMPLETE_PERIOD,12,6931,,,False,TARGET_NOT_OBSERVED_OR_NO_ACTIVITY
2018-03-01,COMPLETE_PERIOD,13,6931,,,False,TARGET_NOT_OBSERVED_OR_NO_ACTIVITY
2018-03-01,COMPLETE_PERIOD,14,6931,,,False,TARGET_NOT_OBSERVED_OR_NO_ACTIVITY
2018-03-01,COMPLETE_PERIOD,15,6931,,,False,TARGET_NOT_OBSERVED_OR_NO_ACTIVITY
2018-03-01,COMPLETE_PERIOD,16,6931,,,False,TARGET_NOT_OBSERVED_OR_NO_ACTIVITY
2018-03-01,COMPLETE_PERIOD,17,6931,,,False,TARGET_NOT_OBSERVED_OR_NO_ACTIVITY
2018-03-01,COMPLETE_PERIOD,18,6931,,,False,TARGET_NOT_OBSERVED_OR_NO_ACTIVITY
2018-03-01,COMPLETE_PERIOD,19,6931,,,False,TARGET_NOT_OBSERVED_OR_NO_ACTIVITY
2018-03-01,COMPLETE_PERIOD,20,6931,,,False,TARGET_NOT_OBSERVED_OR_NO_ACTIVITY
2018-04-01,COMPLETE_PERIOD,0,6698,6698,1,True,
2018-04-01,COMPLETE_PERIOD,1,6698,39,0.00582263362197671,True,
2018-04-01,COMPLETE_PERIOD,2,6698,21,0.00313526425798746,True,
2018-04-01,COMPLETE_PERIOD,3,6698,16,0.00238877276799045,True,
2018-04-01,COMPLETE_PERIOD,4,6698,9,0.00134368468199463,True,
2018-04-01,COMPLETE_PERIOD,5,6698,,,False,TARGET_PARTIAL_PERIOD
2018-04-01,COMPLETE_PERIOD,6,6698,,,False,TARGET_PARTIAL_PERIOD
2018-04-01,COMPLETE_PERIOD,7,6698,,,False,TARGET_NOT_OBSERVED_OR_NO_ACTIVITY
2018-04-01,COMPLETE_PERIOD,8,6698,,,False,TARGET_NOT_OBSERVED_OR_NO_ACTIVITY
2018-04-01,COMPLETE_PERIOD,9,6698,,,False,TARGET_NOT_OBSERVED_OR_NO_ACTIVITY
2018-04-01,COMPLETE_PERIOD,10,6698,,,False,TARGET_NOT_OBSERVED_OR_NO_ACTIVITY
2018-04-01,COMPLETE_PERIOD,11,6698,,,False,TARGET_NOT_OBSERVED_OR_NO_ACTIVITY
2018-04-01,COMPLETE_PERIOD,12,6698,,,False,TARGET_NOT_OBSERVED_OR_NO_ACTIVITY
2018-04-01,COMPLETE_PERIOD,13,6698,,,False,TARGET_NOT_OBSERVED_OR_NO_ACTIVITY
2018-04-01,COMPLETE_PERIOD,14,6698,,,False,TARGET_NOT_OBSERVED_OR_NO_ACTIVITY
2018-04-01,COMPLETE_PERIOD,15,6698,,,False,TARGET_NOT_OBSERVED_OR_NO_ACTIVITY
2018-04-01,COMPLETE_PERIOD,16,6698,,,False,TARGET_NOT_OBSERVED_OR_NO_ACTIVITY
2018-04-01,COMPLETE_PERIOD,17,6698,,,False,TARGET_NOT_OBSERVED_OR_NO_ACTIVITY
2018-04-01,COMPLETE_PERIOD,18,6698,,,False,TARGET_NOT_OBSERVED_OR_NO_ACTIVITY
2018-04-01,COMPLETE_PERIOD,19,6698,,,False,TARGET_NOT_OBSERVED_OR_NO_ACTIVITY
2018-04-01,COMPLETE_PERIOD,20,6698,,,False,TARGET_NOT_OBSERVED_OR_NO_ACTIVITY
2018-05-01,COMPLETE_PERIOD,0,6586,6586,1,True,
2018-05-01,COMPLETE_PERIOD,1,6586,34,0.00516246583662314,True,
2018-05-01,COMPLETE_PERIOD,2,6586,17,0.00258123291831157,True,
2018-05-01,COMPLETE_PERIOD,3,6586,13,0.00197388399635591,True,
2018-05-01,COMPLETE_PERIOD,4,6586,,,False,TARGET_PARTIAL_PERIOD
2018-05-01,COMPLETE_PERIOD,5,6586,,,False,TARGET_PARTIAL_PERIOD
2018-05-01,COMPLETE_PERIOD,6,6586,,,False,TARGET_NOT_OBSERVED_OR_NO_ACTIVITY
2018-05-01,COMPLETE_PERIOD,7,6586,,,False,TARGET_NOT_OBSERVED_OR_NO_ACTIVITY
2018-05-01,COMPLETE_PERIOD,8,6586,,,False,TARGET_NOT_OBSERVED_OR_NO_ACTIVITY
2018-05-01,COMPLETE_PERIOD,9,6586,,,False,TARGET_NOT_OBSERVED_OR_NO_ACTIVITY
2018-05-01,COMPLETE_PERIOD,10,6586,,,False,TARGET_NOT_OBSERVED_OR_NO_ACTIVITY
2018-05-01,COMPLETE_PERIOD,11,6586,,,False,TARGET_NOT_OBSERVED_OR_NO_ACTIVITY
2018-05-01,COMPLETE_PERIOD,12,6586,,,False,TARGET_NOT_OBSERVED_OR_NO_ACTIVITY
2018-05-01,COMPLETE_PERIOD,13,6586,,,False,TARGET_NOT_OBSERVED_OR_NO_ACTIVITY
2018-05-01,COMPLETE_PERIOD,14,6586,,,False,TARGET_NOT_OBSERVED_OR_NO_ACTIVITY
2018-05-01,COMPLETE_PERIOD,15,6586,,,False,TARGET_NOT_OBSERVED_OR_NO_ACTIVITY
2018-05-01,COMPLETE_PERIOD,16,6586,,,False,TARGET_NOT_OBSERVED_OR_NO_ACTIVITY
2018-05-01,COMPLETE_PERIOD,17,6586,,,False,TARGET_NOT_OBSERVED_OR_NO_ACTIVITY
2018-05-01,COMPLETE_PERIOD,18,6586,,,False,TARGET_NOT_OBSERVED_OR_NO_ACTIVITY
2018-05-01,COMPLETE_PERIOD,19,6586,,,False,TARGET_NOT_OBSERVED_OR_NO_ACTIVITY
2018-05-01,COMPLETE_PERIOD,20,6586,,,False,TARGET_NOT_OBSERVED_OR_NO_ACTIVITY
2018-06-01,COMPLETE_PERIOD,0,5920,5920,1,True,
2018-06-01,COMPLETE_PERIOD,1,5920,25,0.00422297297297297,True,
2018-06-01,COMPLETE_PERIOD,2,5920,16,0.0027027027027027,True,
2018-06-01,COMPLETE_PERIOD,3,5920,,,False,TARGET_PARTIAL_PERIOD
2018-06-01,COMPLETE_PERIOD,4,5920,,,False,TARGET_PARTIAL_PERIOD
2018-06-01,COMPLETE_PERIOD,5,5920,,,False,TARGET_NOT_OBSERVED_OR_NO_ACTIVITY
2018-06-01,COMPLETE_PERIOD,6,5920,,,False,TARGET_NOT_OBSERVED_OR_NO_ACTIVITY
2018-06-01,COMPLETE_PERIOD,7,5920,,,False,TARGET_NOT_OBSERVED_OR_NO_ACTIVITY
2018-06-01,COMPLETE_PERIOD,8,5920,,,False,TARGET_NOT_OBSERVED_OR_NO_ACTIVITY
2018-06-01,COMPLETE_PERIOD,9,5920,,,False,TARGET_NOT_OBSERVED_OR_NO_ACTIVITY
2018-06-01,COMPLETE_PERIOD,10,5920,,,False,TARGET_NOT_OBSERVED_OR_NO_ACTIVITY
2018-06-01,COMPLETE_PERIOD,11,5920,,,False,TARGET_NOT_OBSERVED_OR_NO_ACTIVITY
2018-06-01,COMPLETE_PERIOD,12,5920,,,False,TARGET_NOT_OBSERVED_OR_NO_ACTIVITY
2018-06-01,COMPLETE_PERIOD,13,5920,,,False,TARGET_NOT_OBSERVED_OR_NO_ACTIVITY
2018-06-01,COMPLETE_PERIOD,14,5920,,,False,TARGET_NOT_OBSERVED_OR_NO_ACTIVITY
2018-06-01,COMPLETE_PERIOD,15,5920,,,False,TARGET_NOT_OBSERVED_OR_NO_ACTIVITY
2018-06-01,COMPLETE_PERIOD,16,5920,,,False,TARGET_NOT_OBSERVED_OR_NO_ACTIVITY
2018-06-01,COMPLETE_PERIOD,17,5920,,,False,TARGET_NOT_OBSERVED_OR_NO_ACTIVITY
2018-06-01,COMPLETE_PERIOD,18,5920,,,False,TARGET_NOT_OBSERVED_OR_NO_ACTIVITY
2018-06-01,COMPLETE_PERIOD,19,5920,,,False,TARGET_NOT_OBSERVED_OR_NO_ACTIVITY
2018-06-01,COMPLETE_PERIOD,20,5920,,,False,TARGET_NOT_OBSERVED_OR_NO_ACTIVITY
2018-07-01,COMPLETE_PERIOD,0,6017,6017,1,True,
2018-07-01,COMPLETE_PERIOD,1,6017,31,0.00515206913744391,True,
2018-07-01,COMPLETE_PERIOD,2,6017,,,False,TARGET_PARTIAL_PERIOD
2018-07-01,COMPLETE_PERIOD,3,6017,,,False,TARGET_PARTIAL_PERIOD
2018-07-01,COMPLETE_PERIOD,4,6017,,,False,TARGET_NOT_OBSERVED_OR_NO_ACTIVITY
2018-07-01,COMPLETE_PERIOD,5,6017,,,False,TARGET_NOT_OBSERVED_OR_NO_ACTIVITY
2018-07-01,COMPLETE_PERIOD,6,6017,,,False,TARGET_NOT_OBSERVED_OR_NO_ACTIVITY
2018-07-01,COMPLETE_PERIOD,7,6017,,,False,TARGET_NOT_OBSERVED_OR_NO_ACTIVITY
2018-07-01,COMPLETE_PERIOD,8,6017,,,False,TARGET_NOT_OBSERVED_OR_NO_ACTIVITY
2018-07-01,COMPLETE_PERIOD,9,6017,,,False,TARGET_NOT_OBSERVED_OR_NO_ACTIVITY
2018-07-01,COMPLETE_PERIOD,10,6017,,,False,TARGET_NOT_OBSERVED_OR_NO_ACTIVITY
2018-07-01,COMPLETE_PERIOD,11,6017,,,False,TARGET_NOT_OBSERVED_OR_NO_ACTIVITY
2018-07-01,COMPLETE_PERIOD,12,6017,,,False,TARGET_NOT_OBSERVED_OR_NO_ACTIVITY
2018-07-01,COMPLETE_PERIOD,13,6017,,,False,TARGET_NOT_OBSERVED_OR_NO_ACTIVITY
2018-07-01,COMPLETE_PERIOD,14,6017,,,False,TARGET_NOT_OBSERVED_OR_NO_ACTIVITY
2018-07-01,COMPLETE_PERIOD,15,6017,,,False,TARGET_NOT_OBSERVED_OR_NO_ACTIVITY
2018-07-01,COMPLETE_PERIOD,16,6017,,,False,TARGET_NOT_OBSERVED_OR_NO_ACTIVITY
2018-07-01,COMPLETE_PERIOD,17,6017,,,False,TARGET_NOT_OBSERVED_OR_NO_ACTIVITY
2018-07-01,COMPLETE_PERIOD,18,6017,,,False,TARGET_NOT_OBSERVED_OR_NO_ACTIVITY
2018-07-01,COMPLETE_PERIOD,19,6017,,,False,TARGET_NOT_OBSERVED_OR_NO_ACTIVITY
2018-07-01,COMPLETE_PERIOD,20,6017,,,False,TARGET_NOT_OBSERVED_OR_NO_ACTIVITY
2018-08-01,COMPLETE_PERIOD,0,6209,6209,1,True,
2018-08-01,COMPLETE_PERIOD,1,6209,,,False,TARGET_PARTIAL_PERIOD
2018-08-01,COMPLETE_PERIOD,2,6209,,,False,TARGET_PARTIAL_PERIOD
2018-08-01,COMPLETE_PERIOD,3,6209,,,False,TARGET_NOT_OBSERVED_OR_NO_ACTIVITY
2018-08-01,COMPLETE_PERIOD,4,6209,,,False,TARGET_NOT_OBSERVED_OR_NO_ACTIVITY
2018-08-01,COMPLETE_PERIOD,5,6209,,,False,TARGET_NOT_OBSERVED_OR_NO_ACTIVITY
2018-08-01,COMPLETE_PERIOD,6,6209,,,False,TARGET_NOT_OBSERVED_OR_NO_ACTIVITY
2018-08-01,COMPLETE_PERIOD,7,6209,,,False,TARGET_NOT_OBSERVED_OR_NO_ACTIVITY
2018-08-01,COMPLETE_PERIOD,8,6209,,,False,TARGET_NOT_OBSERVED_OR_NO_ACTIVITY
2018-08-01,COMPLETE_PERIOD,9,6209,,,False,TARGET_NOT_OBSERVED_OR_NO_ACTIVITY
2018-08-01,COMPLETE_PERIOD,10,6209,,,False,TARGET_NOT_OBSERVED_OR_NO_ACTIVITY
2018-08-01,COMPLETE_PERIOD,11,6209,,,False,TARGET_NOT_OBSERVED_OR_NO_ACTIVITY
2018-08-01,COMPLETE_PERIOD,12,6209,,,False,TARGET_NOT_OBSERVED_OR_NO_ACTIVITY
2018-08-01,COMPLETE_PERIOD,13,6209,,,False,TARGET_NOT_OBSERVED_OR_NO_ACTIVITY
2018-08-01,COMPLETE_PERIOD,14,6209,,,False,TARGET_NOT_OBSERVED_OR_NO_ACTIVITY
2018-08-01,COMPLETE_PERIOD,15,6209,,,False,TARGET_NOT_OBSERVED_OR_NO_ACTIVITY
2018-08-01,COMPLETE_PERIOD,16,6209,,,False,TARGET_NOT_OBSERVED_OR_NO_ACTIVITY
2018-08-01,COMPLETE_PERIOD,17,6209,,,False,TARGET_NOT_OBSERVED_OR_NO_ACTIVITY
2018-08-01,COMPLETE_PERIOD,18,6209,,,False,TARGET_NOT_OBSERVED_OR_NO_ACTIVITY
2018-08-01,COMPLETE_PERIOD,19,6209,,,False,TARGET_NOT_OBSERVED_OR_NO_ACTIVITY
2018-08-01,COMPLETE_PERIOD,20,6209,,,False,TARGET_NOT_OBSERVED_OR_NO_ACTIVITY
