year_month,category,item_count,order_count,product_gmv,previous_product_gmv,product_gmv_pct_change
2016-10-01,bed_bath_table,8,5,478.99,,
2017-01-01,bed_bath_table,48,45,3960.16,478.99,7.267730015240402
2017-02-01,bed_bath_table,163,144,16200.83,3960.16,3.090953395822391
2017-03-01,bed_bath_table,289,249,25773.02,16200.83,0.5908456542041365
2017-04-01,bed_bath_table,274,234,24347.69,25773.02,-0.05530318138890979
2017-05-01,bed_bath_table,368,328,33318.55,24347.69,0.36844809507596005
2017-06-01,bed_bath_table,382,335,35114.81,33318.55,0.0539117098433155
2017-07-01,bed_bath_table,578,512,63838.85,35114.81,0.8180035717123345
2017-08-01,bed_bath_table,511,447,57067.33,63838.85,-0.10607208619829463
2017-09-01,bed_bath_table,533,461,52473.20,57067.33,-0.08050367872476248
2017-10-01,bed_bath_table,545,445,46198.00,52473.20,-0.1195886662143723
2017-11-01,bed_bath_table,973,815,89172.65,46198.00,0.9302274990259319
2017-12-01,bed_bath_table,552,481,50505.85,89172.65,-0.433617258206412
2018-01-01,bed_bath_table,846,697,76281.90,50505.85,0.5103577110374343
2018-02-01,bed_bath_table,687,590,60496.18,76281.90,-0.20693926082071895
2018-03-01,bed_bath_table,798,670,69256.39,60496.18,0.1448060026269427
2018-04-01,bed_bath_table,745,607,72328.35,69256.39,0.044356340259721884
2018-05-01,bed_bath_table,746,605,71664.93,72328.35,-0.009172336988193424
2018-06-01,bed_bath_table,772,656,71545.58,71664.93,-0.0016653891938497674
2018-07-01,bed_bath_table,621,515,54904.92,71545.58,-0.23258823256447148
2018-08-01,bed_bath_table,658,558,61035.88,54904.92,0.11166503839728753
2016-10-01,computers_accessories,21,18,1399.32,,
2017-01-01,computers_accessories,31,24,3924.14,1399.32,1.8043192407740904
2017-02-01,computers_accessories,106,97,11972.59,3924.14,2.0510099028067295
2017-03-01,computers_accessories,173,149,28145.60,11972.59,1.3508363687389278
2017-04-01,computers_accessories,135,119,19550.16,28145.60,-0.3053919617986471
2017-05-01,computers_accessories,314,258,45397.28,19550.16,1.322092504613773
2017-06-01,computers_accessories,261,219,37007.08,45397.28,-0.1848172401518329
2017-07-01,computers_accessories,324,272,38616.11,37007.08,0.04347897753619037
2017-08-01,computers_accessories,350,297,35025.72,38616.11,-0.09297648054141133
2017-09-01,computers_accessories,253,216,28930.98,35025.72,-0.17400755787461328
2017-10-01,computers_accessories,317,261,42684.29,28930.98,0.4753834816518486
2017-11-01,computers_accessories,526,442,71356.01,42684.29,0.6717159873105538
2017-12-01,computers_accessories,287,252,37880.65,71356.01,-0.4691316120394064
2018-01-01,computers_accessories,699,585,81685.38,37880.65,1.156388023964742
2018-02-01,computers_accessories,976,796,100367.79,81685.38,0.22871179640714162
2018-03-01,computers_accessories,757,637,85592.53,100367.79,-0.14721117203038944
2018-04-01,computers_accessories,543,480,59596.00,85592.53,-0.30372428528517614
2018-05-01,computers_accessories,462,408,51340.73,59596.00,-0.13852053829116048
2018-06-01,computers_accessories,404,355,41999.25,51340.73,-0.18195066568005555
2018-07-01,computers_accessories,424,386,41581.48,41999.25,-0.009947082388375982
2018-08-01,computers_accessories,418,383,40268.93,41581.48,-0.03156573551494559
2016-09-01,health_beauty,3,1,134.97,,
2016-10-01,health_beauty,46,42,4414.62,134.97,31.708157368304065
2017-01-01,health_beauty,85,82,12561.32,4414.62,1.8453909962805406
2017-02-01,health_beauty,166,155,22838.79,12561.32,0.8181839169768782
2017-03-01,health_beauty,210,192,25927.35,22838.79,0.13523308371415474
2017-04-01,health_beauty,188,175,22780.85,25927.35,-0.12135833396008462
2017-05-01,health_beauty,290,267,46786.02,22780.85,1.0537433853433915
2017-06-01,health_beauty,259,238,31979.49,46786.02,-0.31647338243347056
2017-07-01,health_beauty,315,277,34770.22,31979.49,0.087266244708718
2017-08-01,health_beauty,359,344,49813.91,34770.22,0.4326601902432599
2017-09-01,health_beauty,380,360,51537.65,49813.91,0.03460358763245045
2017-10-01,health_beauty,360,331,41905.82,51537.65,-0.186889196538841
2017-11-01,health_beauty,583,529,78976.65,41905.82,0.8846224701008119
2017-12-01,health_beauty,466,432,61264.66,78976.65,-0.2242686920754426
2018-01-01,health_beauty,626,570,72190.49,61264.66,0.17833821325377466
2018-02-01,health_beauty,660,599,86561.78,72190.49,0.19907455954378478
2018-03-01,health_beauty,670,618,89759.44,86561.78,0.03694078379626667
2018-04-01,health_beauty,694,626,91751.04,89759.44,0.022188195470025214
2018-05-01,health_beauty,765,681,95950.68,91751.04,0.045772124217883535
2018-06-01,health_beauty,884,798,107795.99,95950.68,0.12345206933395365
2018-07-01,health_beauty,782,711,105517.68,107795.99,-0.021135387318211
2018-08-01,health_beauty,843,772,120475.71,105517.68,0.14175851857243263
2016-10-01,sports_leisure,17,17,2012.15,,
2017-01-01,sports_leisure,80,62,9717.62,2012.15,3.829470963894342
2017-02-01,sports_leisure,155,138,16207.16,9717.62,0.6678116658194084
2017-03-01,sports_leisure,197,169,26849.49,16207.16,0.6566437303019159
2017-04-01,sports_leisure,213,194,24293.76,26849.49,-0.09518728288693751
2017-05-01,sports_leisure,313,263,35793.50,24293.76,0.47336188387470696
2017-06-01,sports_leisure,276,249,32728.43,35793.50,-0.08563202816153771
2017-07-01,sports_leisure,382,334,37344.43,32728.43,0.14103945713252972
2017-08-01,sports_leisure,424,382,41662.36,37344.43,0.1156244719761421
2017-09-01,sports_leisure,459,414,50059.50,41662.36,0.20155219243461003
2017-10-01,sports_leisure,470,423,49611.45,50059.50,-0.008950349084589339
2017-11-01,sports_leisure,609,554,63730.92,49611.45,0.28460103464018893
2017-12-01,sports_leisure,492,439,59547.97,63730.92,-0.06563454599431484
2018-01-01,sports_leisure,652,584,91368.43,59547.97,0.5343668306409102
2018-02-01,sports_leisure,645,579,75308.83,91368.43,-0.1757674943084827
2018-03-01,sports_leisure,756,667,84654.27,75308.83,0.12409487705492171
2018-04-01,sports_leisure,598,530,67346.58,84654.27,-0.20445147067005595
2018-05-01,sports_leisure,491,451,59599.12,67346.58,-0.1150386552665332
2018-06-01,sports_leisure,422,374,45542.01,59599.12,-0.23586103284746487
2018-07-01,sports_leisure,466,416,55172.78,45542.01,0.2114700251482093
2018-08-01,sports_leisure,473,434,51190.16,55172.78,-0.07218450837532565
2016-10-01,watches_gifts,5,5,3360.24,,
2017-01-01,watches_gifts,11,11,8086.52,3360.24,1.4065304859176726
2017-02-01,watches_gifts,37,35,11756.21,8086.52,0.4538033665903256
2017-03-01,watches_gifts,80,75,24970.38,11756.21,1.1240161582686938
2017-04-01,watches_gifts,96,89,23461.09,24970.38,-0.06044321311890327
2017-05-01,watches_gifts,134,125,37804.00,23461.09,0.6113488333236009
2017-06-01,watches_gifts,122,116,28430.63,37804.00,-0.24794651359644485
2017-07-01,watches_gifts,167,156,35604.66,28430.63,0.2523345420062798
2017-08-01,watches_gifts,211,194,36170.95,35604.66,0.01590494053306505
2017-09-01,watches_gifts,267,254,46986.85,36170.95,0.29902172876299904
2017-10-01,watches_gifts,313,286,65060.53,46986.85,0.3846540042586383
2017-11-01,watches_gifts,467,428,96575.58,65060.53,0.4843958387673756
2017-12-01,watches_gifts,365,345,71611.62,96575.58,-0.25849143230617927
2018-01-01,watches_gifts,369,336,75552.24,71611.62,0.05502766171188419
2018-02-01,watches_gifts,330,310,62986.19,75552.24,-0.16632266627700248
2018-03-01,watches_gifts,430,416,97861.08,62986.19,0.5536910551344667
2018-04-01,watches_gifts,505,473,92658.57,97861.08,-0.05316219686110147
2018-05-01,watches_gifts,636,596,123872.66,92658.57,0.33687213174129493
2018-06-01,watches_gifts,481,448,86885.56,123872.66,-0.2985896968709641
2018-07-01,watches_gifts,528,514,96212.59,86885.56,0.1073484477742907
2018-08-01,watches_gifts,416,392,72277.06,96212.59,-0.24877752485407575
